Bureau of Justice Statistics,,,,,,,,,,
Filename: p16t05.csv,,,,,,,,,,
"Table 5. Percent of sentenced prisoners under jurisdiction of state correctional authorities, by race, Hispanic origin, and data collection, 2016",,,,,,,,,,
Report title: Prisoners in 2016 NCJ 251149,,,,,,,,,,
"Data source: Bureau of Justice Statistics (BJS), National Prisoner Statistics (NPS), 2015�2016; and Survey of Prison Inmates (SPI), 2016 (preliminary).",,,,,,,,,,
"Author(s): E. Ann Carson, BJS Statistician",,,,,,,,,,
Refer questions to: askbjs@usdoj.gov or 202-307-0765 ,,,,,,,,,,
Date of version: 1/2/2018,,,,,,,,,,
,,,,,,,,,,
,,,,,,,,,,
"Table 5. Percent of sentenced prisoners under jurisdiction of state correctional authorities, by race, Hispanic origin, and data collection, 2016",,,,,,,,,,
,,Male,,,,,Female,,,
Race/Hispanic origin/c,,NPS/a,,SPI/b,,,NPS/a,,SPI/b,
,Total,100,%,100,%,,100,%,100,%
White,,39.0,,30.6,,,61.0,,47.5,
Black,,41.3,,34.9,,,23.9,,19.8,
Hispanic,,16.6,,21.1,,,10.6,,16.2,
American Indian or Alaska Native,,1.4,,1.3,,,2.6,,2.0,
Asian,,0.6,,0.8,,,0.6,,0.4,
Native Hawaiian or Other Pacific Islander,,0.2,,0.4,,,0.4,,0.3,
Two or more races,,0.0,,10.9,,,0.1,,13.8,
Other,,0.7,,0.0,,,0.5,,0.0,
Unknown,,0.2,,0.0,,,0.2,,0.0,
,Number of sentenced prisoners/d,"1,192,594",,"1,160,096",,,"94,097",,"89,208",
a/NPS data are aggregate counts of prisoners collected annually from administrative databases in state departments of corrections.,,,,,,,,,,
b/SPI is a periodic in-person computer assisted personal interview survey of state prisoners conducted by data collection agents on behalf of BJS.,,,,,,,,,,
"c/Excludes persons of Hispanic or Latino origin, unless noted.",,,,,,,,,,
"d/Total number of sentenced state prisoners for the 2016 SPI is based on the 2015 NPS because the NPS reference date of December 31, 2015, is closer to the start of the 2016 SPI fielding (January 2016). Because prisoners held in local jails were not sampled in the 2016 SPI, these totals exclude those prisoners and differ from the 2015 sentenced jurisdiction counts presented in tables 3 and 4.",,,,,,,,,,
"Source: Bureau of Justice Statistics (BJS), National Prisoner Statistics (NPS), 2015�2016; and Survey of Prison Inmates (SPI), 2016 (preliminary).",,,,,,,,,,
