Bureau of Justice Statistics,,,,,,,,,,
Filename: p16t16.csv,,,,,,,,,,
"Table 16. Prison facility capacity, custody population, and percent capacity, December 31, 2016",,,,,,,,,,
Report title: Prisoners in 2016 NCJ 251149,,,,,,,,,,
"Data source: Bureau of Justice Statistics (BJS), National Prisoner Statistics (NPS), 2016.",,,,,,,,,,
"Author(s): E. Ann Carson, BJS Statistician",,,,,,,,,,
Refer questions to: askbjs@usdoj.gov or 202-307-0765 ,,,,,,,,,,
Date of version: 1/2/2018,,,,,,,,,,
,,,,,,,,,,
,,,,,,,,,,
"Table 16. Prison facility capacity, custody population, and percent capacity, December 31, 2016",,,,,,,,,,
,,Type of capacity measure,,,,,Custody population as a percent of�,,,
Jurisdiction,,Rated,Operational,Design,Custody population,,Lowest capacity/a,,Highest capacity/a,
Federal/b,,"135,334",...,...,"154,339",,114.0,%,114.0,%
State,,,,,,,,,,
,Alabama/c,...,"25,784","13,318","23,397",,175.7,%,90.7,%
,Alaska,"4,838",...,...,"4,378",,90.5,,90.5,
,Arizona/d,"38,895","44,831","38,895","42,248",,108.6,,94.2,
,Arkansas,"16,410","16,449","15,626","15,833",,101.3,,96.3,
,California/c,...,"126,832","89,763","117,557",,131.0,,92.7,
,Colorado/e,...,"14,582","13,155","15,922",,121.0,,109.2,
,Connecticut,/,/,/,"14,532",,/,,/,
,Delaware/c,"5,514","5,566","4,092","6,334",,154.8,,113.8,
,Florida,...,"88,738",...,"85,834",,96.7,,96.7,
,Georgia/d,"58,975","53,527",...,"53,433",,99.8,,90.6,
,Hawaii,...,"3,777","3,527","3,777",,107.1,,100.0,
,Idaho/d,...,"7,005",...,"7,221",,103.1,,103.1,
,Illinois/c,"31,661","26,584","27,778","43,616",,164.1,,137.8,
,Indiana,...,"29,000",...,"25,143",,86.7,,86.7,
,Iowa,"7,288","7,288","7,288","8,378",,115.0,,115.0,
,Kansas,"9,180","9,654","9,164","9,653",,105.3,,100.0,
,Kentucky,"11,699","11,699","11,954","11,867",,101.4,,99.3,
,Louisiana/f,"18,121","16,124","16,764","17,932",,111.2,,99.0,
,Maine,"2,344","4,700","4,700","2,356",,100.5,,50.1,
,Maryland,...,"23,439",...,"20,211",,86.2,,86.2,
,Massachusetts,...,"10,660","7,728","9,038",,117.0,,84.8,
,Michigan/c,"43,278","42,441",...,"41,122",,96.9,,95.0,
,Minnesota,...,"9,504",...,"9,509",,100.1,,100.1,
,"Mississippi/d,f",...,"23,516",...,"13,720",,58.3,,58.3,
,Missouri/c,...,"32,223",...,"32,427",,100.6,,100.6,
,Montana,...,"1,689",...,"1,718",,101.7,,101.7,
,Nebraska/c,...,"4,094","3,275","5,167",,157.8,,126.2,
,Nevada,"14,122",...,"13,491","13,932",,103.3,,98.7,
,New Hampshire,"2,583","2,700","1,966","2,599",,132.2,,96.3,
,New Jersey,"16,738","17,923","23,016","16,738",,100.0,,72.7,
,New Mexico,...,"7,055","7,055","3,956",,56.1,,56.1,
,New York,"51,163","51,473","50,762","50,611",,99.7,,98.3,
,North Carolina,...,"37,587",...,"35,970",,95.7,,95.7,
,North Dakota/g,...,"1,353","1,353","1,379",,101.9,,101.9,
,Ohio,/,/,/,"45,913",,/,,/,
,Oklahoma,"17,902","20,299","17,902","19,218",,107.4,,94.7,
,Oregon/g,...,...,"14,997","14,579",,97.2,,97.2,
,Pennsylvania/d,"47,624","47,624","47,624","48,287",,101.4,,101.4,
,Rhode Island,"3,989","3,774","3,973","2,887",,76.5,,72.4,
,South Carolina,...,"22,380",...,"20,376",,91.0,,91.0,
,"South Dakota/c,d",...,"3,795",...,"3,770",,99.3,,99.3,
,Tennessee,"15,794","15,376",...,"14,106",,91.7,,89.3,
,Texas/c,"159,696","153,501","159,696","137,584",,89.6,,86.2,
,Utah,...,"6,492","6,699","4,502",,69.3,,67.2,
,Vermont,"1,680","1,680","1,668","1,471",,88.2,,87.6,
,Virginia,...,"27,537",...,"29,882",,108.5,,108.5,
,Washington,...,"16,755",...,"17,228",,102.8,,102.8,
,West Virginia,"5,214","5,989","5,214","5,899",,113.1,,98.5,
,Wisconsin,...,"22,991","17,181","23,163",,134.8,,100.7,
,Wyoming,"2,288","2,288","2,407","2,083",,91.0,,86.5,
"Note: Jurisdiction refers to the legal authority of state or federal correctional officials over a prisoner, regardless of where the prisoner is held.",,,,,,,,,,
...Not available. Specific type of capacity is not measured by state.,,,,,,,,,,
/Not reported.,,,,,,,,,,
"a/Excludes inmates held in local jails, other states, or private facilities, unless otherwise stated. Lowest capacity represents the minimum capacity estimate submitted by the jurisdiction, while highest capacity represents the maximum capacity estimate. When a jurisdiction could only provide a single capacity estimate, it was used as both lowest and highest capacities.",,,,,,,,,,
"b/Due to differences in the dates when data were extracted, the federal custody count reported for the calculation of capacity differs slightly from the year-end custody count reported in NPS and includes prisoners of all sentence lengths.",,,,,,,,,,
c/State defines capacity differently than BJS. See Jurisdiction notes.,,,,,,,,,,
d/Private facilities included in capacity and custody counts.,,,,,,,,,,
e/Counts for 2016 are not comparable to prior years due to a change in reporting methodology. See Jurisdiction notes.,,,,,,,,,,
f/Local facilities included in capacity and custody counts.,,,,,,,,,,
g/State did not submit 2016 NPS custody or capacity data. Custody count was imputed. See Methodology.,,,,,,,,,,
"Source: Bureau of Justice Statistics (BJS), National Prisoner Statistics (NPS), 2016.",,,,,,,,,,
